<?xml version="1.0" encoding="UTF-8"?>
<config xmlns="http://www.knime.org/2008/09/XMLConfig" xmlns:xsi="http://www.w3.org/2001/XMLSchema-instance" xsi:schemaLocation="http://www.knime.org/2008/09/XMLConfig http://www.knime.org/XMLConfig_2008_09.xsd" key="model.xml">
<entry key="version" type="xint" value="1"/>
<entry key="class_name" type="xstring" value="org.knime.base.data.normalize.NormalizerPortObject"/>
<config key="model">
<config key="columns">
<config key="n_tokens_title">
<entry key="column_name" type="xstring" value="n_tokens_title"/>
<entry key="column_scale" type="xdouble" value="0.047619047619047616"/>
<entry key="column_translate" type="xdouble" value="-0.09523809523809523"/>
<entry key="column_min" type="xdouble" value="0.0"/>
<entry key="column_max" type="xdouble" value="1.0"/>
</config>
<config key="n_tokens_content">
<entry key="column_name" type="xstring" value="n_tokens_content"/>
<entry key="column_scale" type="xdouble" value="1.180080245456691E-4"/>
<entry key="column_translate" type="xdouble" value="0.0"/>
<entry key="column_min" type="xdouble" value="0.0"/>
<entry key="column_max" type="xdouble" value="1.0"/>
</config>
<config key="n_unique_tokens">
<entry key="column_name" type="xstring" value="n_unique_tokens"/>
<entry key="column_scale" type="xdouble" value="0.0014265335235378032"/>
<entry key="column_translate" type="xdouble" value="0.0"/>
<entry key="column_min" type="xdouble" value="0.0"/>
<entry key="column_max" type="xdouble" value="1.0"/>
</config>
<config key="n_non_stop_words">
<entry key="column_name" type="xstring" value="n_non_stop_words"/>
<entry key="column_scale" type="xdouble" value="9.596928982725527E-4"/>
<entry key="column_translate" type="xdouble" value="0.0"/>
<entry key="column_min" type="xdouble" value="0.0"/>
<entry key="column_max" type="xdouble" value="1.0"/>
</config>
<config key="n_non_stop_unique_tokens">
<entry key="column_name" type="xstring" value="n_non_stop_unique_tokens"/>
<entry key="column_scale" type="xdouble" value="0.0015384615384615385"/>
<entry key="column_translate" type="xdouble" value="0.0"/>
<entry key="column_min" type="xdouble" value="0.0"/>
<entry key="column_max" type="xdouble" value="1.0"/>
</config>
<config key="num_hrefs">
<entry key="column_name" type="xstring" value="num_hrefs"/>
<entry key="column_scale" type="xdouble" value="0.003289473684210526"/>
<entry key="column_translate" type="xdouble" value="0.0"/>
<entry key="column_min" type="xdouble" value="0.0"/>
<entry key="column_max" type="xdouble" value="1.0"/>
</config>
<config key="num_self_hrefs">
<entry key="column_name" type="xstring" value="num_self_hrefs"/>
<entry key="column_scale" type="xdouble" value="0.008620689655172414"/>
<entry key="column_translate" type="xdouble" value="0.0"/>
<entry key="column_min" type="xdouble" value="0.0"/>
<entry key="column_max" type="xdouble" value="1.0"/>
</config>
<config key="num_imgs">
<entry key="column_name" type="xstring" value="num_imgs"/>
<entry key="column_scale" type="xdouble" value="0.0078125"/>
<entry key="column_translate" type="xdouble" value="0.0"/>
<entry key="column_min" type="xdouble" value="0.0"/>
<entry key="column_max" type="xdouble" value="1.0"/>
</config>
<config key="num_videos">
<entry key="column_name" type="xstring" value="num_videos"/>
<entry key="column_scale" type="xdouble" value="0.01098901098901099"/>
<entry key="column_translate" type="xdouble" value="0.0"/>
<entry key="column_min" type="xdouble" value="0.0"/>
<entry key="column_max" type="xdouble" value="1.0"/>
</config>
<config key="average_token_length">
<entry key="column_name" type="xstring" value="average_token_length"/>
<entry key="column_scale" type="xdouble" value="0.12435439014693668"/>
<entry key="column_translate" type="xdouble" value="0.0"/>
<entry key="column_min" type="xdouble" value="0.0"/>
<entry key="column_max" type="xdouble" value="1.0"/>
</config>
<config key="num_keywords">
<entry key="column_name" type="xstring" value="num_keywords"/>
<entry key="column_scale" type="xdouble" value="0.1111111111111111"/>
<entry key="column_translate" type="xdouble" value="-0.1111111111111111"/>
<entry key="column_min" type="xdouble" value="0.0"/>
<entry key="column_max" type="xdouble" value="1.0"/>
</config>
<config key="data_channel_is_lifestyle">
<entry key="column_name" type="xstring" value="data_channel_is_lifestyle"/>
<entry key="column_scale" type="xdouble" value="1.0"/>
<entry key="column_translate" type="xdouble" value="0.0"/>
<entry key="column_min" type="xdouble" value="0.0"/>
<entry key="column_max" type="xdouble" value="1.0"/>
</config>
<config key="data_channel_is_entertainment">
<entry key="column_name" type="xstring" value="data_channel_is_entertainment"/>
<entry key="column_scale" type="xdouble" value="1.0"/>
<entry key="column_translate" type="xdouble" value="0.0"/>
<entry key="column_min" type="xdouble" value="0.0"/>
<entry key="column_max" type="xdouble" value="1.0"/>
</config>
<config key="data_channel_is_bus">
<entry key="column_name" type="xstring" value="data_channel_is_bus"/>
<entry key="column_scale" type="xdouble" value="1.0"/>
<entry key="column_translate" type="xdouble" value="0.0"/>
<entry key="column_min" type="xdouble" value="0.0"/>
<entry key="column_max" type="xdouble" value="1.0"/>
</config>
<config key="data_channel_is_socmed">
<entry key="column_name" type="xstring" value="data_channel_is_socmed"/>
<entry key="column_scale" type="xdouble" value="1.0"/>
<entry key="column_translate" type="xdouble" value="0.0"/>
<entry key="column_min" type="xdouble" value="0.0"/>
<entry key="column_max" type="xdouble" value="1.0"/>
</config>
<config key="data_channel_is_tech">
<entry key="column_name" type="xstring" value="data_channel_is_tech"/>
<entry key="column_scale" type="xdouble" value="1.0"/>
<entry key="column_translate" type="xdouble" value="0.0"/>
<entry key="column_min" type="xdouble" value="0.0"/>
<entry key="column_max" type="xdouble" value="1.0"/>
</config>
<config key="data_channel_is_world">
<entry key="column_name" type="xstring" value="data_channel_is_world"/>
<entry key="column_scale" type="xdouble" value="1.0"/>
<entry key="column_translate" type="xdouble" value="0.0"/>
<entry key="column_min" type="xdouble" value="0.0"/>
<entry key="column_max" type="xdouble" value="1.0"/>
</config>
<config key="kw_min_min">
<entry key="column_name" type="xstring" value="kw_min_min"/>
<entry key="column_scale" type="xdouble" value="0.0026455026455026454"/>
<entry key="column_translate" type="xdouble" value="0.0026455026455026454"/>
<entry key="column_min" type="xdouble" value="0.0"/>
<entry key="column_max" type="xdouble" value="1.0"/>
</config>
<config key="kw_max_min">
<entry key="column_name" type="xstring" value="kw_max_min"/>
<entry key="column_scale" type="xdouble" value="3.3512064343163537E-6"/>
<entry key="column_translate" type="xdouble" value="0.0"/>
<entry key="column_min" type="xdouble" value="0.0"/>
<entry key="column_max" type="xdouble" value="1.0"/>
</config>
<config key="kw_avg_min">
<entry key="column_name" type="xstring" value="kw_avg_min"/>
<entry key="column_scale" type="xdouble" value="2.334874350402264E-5"/>
<entry key="column_translate" type="xdouble" value="2.334874350402264E-5"/>
<entry key="column_min" type="xdouble" value="0.0"/>
<entry key="column_max" type="xdouble" value="1.0"/>
</config>
<config key="kw_min_max">
<entry key="column_name" type="xstring" value="kw_min_max"/>
<entry key="column_scale" type="xdouble" value="1.1858176212498519E-6"/>
<entry key="column_translate" type="xdouble" value="0.0"/>
<entry key="column_min" type="xdouble" value="0.0"/>
<entry key="column_max" type="xdouble" value="1.0"/>
</config>
<config key="kw_max_max">
<entry key="column_name" type="xstring" value="kw_max_max"/>
<entry key="column_scale" type="xdouble" value="1.1858176212498519E-6"/>
<entry key="column_translate" type="xdouble" value="0.0"/>
<entry key="column_min" type="xdouble" value="0.0"/>
<entry key="column_max" type="xdouble" value="1.0"/>
</config>
<config key="kw_avg_max">
<entry key="column_name" type="xstring" value="kw_avg_max"/>
<entry key="column_scale" type="xdouble" value="1.1858176212498519E-6"/>
<entry key="column_translate" type="xdouble" value="0.0"/>
<entry key="column_min" type="xdouble" value="0.0"/>
<entry key="column_max" type="xdouble" value="1.0"/>
</config>
<config key="kw_min_avg">
<entry key="column_name" type="xstring" value="kw_min_avg"/>
<entry key="column_scale" type="xdouble" value="2.7669866685042484E-4"/>
<entry key="column_translate" type="xdouble" value="2.7669866685042484E-4"/>
<entry key="column_min" type="xdouble" value="0.0"/>
<entry key="column_max" type="xdouble" value="1.0"/>
</config>
<config key="kw_max_avg">
<entry key="column_name" type="xstring" value="kw_max_avg"/>
<entry key="column_scale" type="xdouble" value="3.3512064343163537E-6"/>
<entry key="column_translate" type="xdouble" value="0.0"/>
<entry key="column_min" type="xdouble" value="0.0"/>
<entry key="column_max" type="xdouble" value="1.0"/>
</config>
<config key="kw_avg_avg">
<entry key="column_name" type="xstring" value="kw_avg_avg"/>
<entry key="column_scale" type="xdouble" value="2.2952804930171646E-5"/>
<entry key="column_translate" type="xdouble" value="0.0"/>
<entry key="column_min" type="xdouble" value="0.0"/>
<entry key="column_max" type="xdouble" value="1.0"/>
</config>
<config key="self_reference_min_shares">
<entry key="column_name" type="xstring" value="self_reference_min_shares"/>
<entry key="column_scale" type="xdouble" value="1.1858176212498519E-6"/>
<entry key="column_translate" type="xdouble" value="0.0"/>
<entry key="column_min" type="xdouble" value="0.0"/>
<entry key="column_max" type="xdouble" value="1.0"/>
</config>
<config key="self_reference_max_shares">
<entry key="column_name" type="xstring" value="self_reference_max_shares"/>
<entry key="column_scale" type="xdouble" value="1.1858176212498519E-6"/>
<entry key="column_translate" type="xdouble" value="0.0"/>
<entry key="column_min" type="xdouble" value="0.0"/>
<entry key="column_max" type="xdouble" value="1.0"/>
</config>
<config key="self_reference_avg_sharess">
<entry key="column_name" type="xstring" value="self_reference_avg_sharess"/>
<entry key="column_scale" type="xdouble" value="1.1858176212498519E-6"/>
<entry key="column_translate" type="xdouble" value="0.0"/>
<entry key="column_min" type="xdouble" value="0.0"/>
<entry key="column_max" type="xdouble" value="1.0"/>
</config>
<config key="LDA_00">
<entry key="column_name" type="xstring" value="LDA_00"/>
<entry key="column_scale" type="xdouble" value="1.078755186478076"/>
<entry key="column_translate" type="xdouble" value="0.0"/>
<entry key="column_min" type="xdouble" value="0.0"/>
<entry key="column_max" type="xdouble" value="1.0"/>
</config>
<config key="LDA_01">
<entry key="column_name" type="xstring" value="LDA_01"/>
<entry key="column_scale" type="xdouble" value="1.0799754359273475"/>
<entry key="column_translate" type="xdouble" value="0.0"/>
<entry key="column_min" type="xdouble" value="0.0"/>
<entry key="column_max" type="xdouble" value="1.0"/>
</config>
<config key="LDA_02">
<entry key="column_name" type="xstring" value="LDA_02"/>
<entry key="column_scale" type="xdouble" value="1.0869575984580608"/>
<entry key="column_translate" type="xdouble" value="0.0"/>
<entry key="column_min" type="xdouble" value="0.0"/>
<entry key="column_max" type="xdouble" value="1.0"/>
</config>
<config key="LDA_03">
<entry key="column_name" type="xstring" value="LDA_03"/>
<entry key="column_scale" type="xdouble" value="1.0792914610216398"/>
<entry key="column_translate" type="xdouble" value="0.0"/>
<entry key="column_min" type="xdouble" value="0.0"/>
<entry key="column_max" type="xdouble" value="1.0"/>
</config>
<config key="LDA_04">
<entry key="column_name" type="xstring" value="LDA_04"/>
<entry key="column_scale" type="xdouble" value="1.0785266527827932"/>
<entry key="column_translate" type="xdouble" value="0.0"/>
<entry key="column_min" type="xdouble" value="0.0"/>
<entry key="column_max" type="xdouble" value="1.0"/>
</config>
<config key="global_subjectivity">
<entry key="column_name" type="xstring" value="global_subjectivity"/>
<entry key="column_scale" type="xdouble" value="1.0"/>
<entry key="column_translate" type="xdouble" value="0.0"/>
<entry key="column_min" type="xdouble" value="0.0"/>
<entry key="column_max" type="xdouble" value="1.0"/>
</config>
<config key="global_sentiment_polarity">
<entry key="column_name" type="xstring" value="global_sentiment_polarity"/>
<entry key="column_scale" type="xdouble" value="0.8915906788246492"/>
<entry key="column_translate" type="xdouble" value="0.3510638297872056"/>
<entry key="column_min" type="xdouble" value="0.0"/>
<entry key="column_max" type="xdouble" value="1.0"/>
</config>
<config key="global_rate_positive_words">
<entry key="column_name" type="xstring" value="global_rate_positive_words"/>
<entry key="column_scale" type="xdouble" value="6.431372549021625"/>
<entry key="column_translate" type="xdouble" value="0.0"/>
<entry key="column_min" type="xdouble" value="0.0"/>
<entry key="column_max" type="xdouble" value="1.0"/>
</config>
<config key="global_rate_negative_words">
<entry key="column_name" type="xstring" value="global_rate_negative_words"/>
<entry key="column_scale" type="xdouble" value="5.40740740741662"/>
<entry key="column_translate" type="xdouble" value="0.0"/>
<entry key="column_min" type="xdouble" value="0.0"/>
<entry key="column_max" type="xdouble" value="1.0"/>
</config>
<config key="rate_positive_words">
<entry key="column_name" type="xstring" value="rate_positive_words"/>
<entry key="column_scale" type="xdouble" value="1.0"/>
<entry key="column_translate" type="xdouble" value="0.0"/>
<entry key="column_min" type="xdouble" value="0.0"/>
<entry key="column_max" type="xdouble" value="1.0"/>
</config>
<config key="rate_negative_words">
<entry key="column_name" type="xstring" value="rate_negative_words"/>
<entry key="column_scale" type="xdouble" value="1.0"/>
<entry key="column_translate" type="xdouble" value="0.0"/>
<entry key="column_min" type="xdouble" value="0.0"/>
<entry key="column_max" type="xdouble" value="1.0"/>
</config>
<config key="avg_positive_polarity">
<entry key="column_name" type="xstring" value="avg_positive_polarity"/>
<entry key="column_scale" type="xdouble" value="1.0"/>
<entry key="column_translate" type="xdouble" value="0.0"/>
<entry key="column_min" type="xdouble" value="0.0"/>
<entry key="column_max" type="xdouble" value="1.0"/>
</config>
<config key="min_positive_polarity">
<entry key="column_name" type="xstring" value="min_positive_polarity"/>
<entry key="column_scale" type="xdouble" value="1.0"/>
<entry key="column_translate" type="xdouble" value="0.0"/>
<entry key="column_min" type="xdouble" value="0.0"/>
<entry key="column_max" type="xdouble" value="1.0"/>
</config>
<config key="max_positive_polarity">
<entry key="column_name" type="xstring" value="max_positive_polarity"/>
<entry key="column_scale" type="xdouble" value="1.0"/>
<entry key="column_translate" type="xdouble" value="0.0"/>
<entry key="column_min" type="xdouble" value="0.0"/>
<entry key="column_max" type="xdouble" value="1.0"/>
</config>
<config key="avg_negative_polarity">
<entry key="column_name" type="xstring" value="avg_negative_polarity"/>
<entry key="column_scale" type="xdouble" value="1.0"/>
<entry key="column_translate" type="xdouble" value="1.0"/>
<entry key="column_min" type="xdouble" value="0.0"/>
<entry key="column_max" type="xdouble" value="1.0"/>
</config>
<config key="min_negative_polarity">
<entry key="column_name" type="xstring" value="min_negative_polarity"/>
<entry key="column_scale" type="xdouble" value="1.0"/>
<entry key="column_translate" type="xdouble" value="1.0"/>
<entry key="column_min" type="xdouble" value="0.0"/>
<entry key="column_max" type="xdouble" value="1.0"/>
</config>
<config key="max_negative_polarity">
<entry key="column_name" type="xstring" value="max_negative_polarity"/>
<entry key="column_scale" type="xdouble" value="1.0"/>
<entry key="column_translate" type="xdouble" value="1.0"/>
<entry key="column_min" type="xdouble" value="0.0"/>
<entry key="column_max" type="xdouble" value="1.0"/>
</config>
<config key="title_subjectivity">
<entry key="column_name" type="xstring" value="title_subjectivity"/>
<entry key="column_scale" type="xdouble" value="1.0"/>
<entry key="column_translate" type="xdouble" value="0.0"/>
<entry key="column_min" type="xdouble" value="0.0"/>
<entry key="column_max" type="xdouble" value="1.0"/>
</config>
<config key="title_sentiment_polarity">
<entry key="column_name" type="xstring" value="title_sentiment_polarity"/>
<entry key="column_scale" type="xdouble" value="0.5"/>
<entry key="column_translate" type="xdouble" value="0.5"/>
<entry key="column_min" type="xdouble" value="0.0"/>
<entry key="column_max" type="xdouble" value="1.0"/>
</config>
<config key="abs_title_subjectivity">
<entry key="column_name" type="xstring" value="abs_title_subjectivity"/>
<entry key="column_scale" type="xdouble" value="2.0"/>
<entry key="column_translate" type="xdouble" value="0.0"/>
<entry key="column_min" type="xdouble" value="0.0"/>
<entry key="column_max" type="xdouble" value="1.0"/>
</config>
<config key="abs_title_sentiment_polarity">
<entry key="column_name" type="xstring" value="abs_title_sentiment_polarity"/>
<entry key="column_scale" type="xdouble" value="1.0"/>
<entry key="column_translate" type="xdouble" value="0.0"/>
<entry key="column_min" type="xdouble" value="0.0"/>
<entry key="column_max" type="xdouble" value="1.0"/>
</config>
<config key="wednesday">
<entry key="column_name" type="xstring" value="wednesday"/>
<entry key="column_scale" type="xdouble" value="1.0"/>
<entry key="column_translate" type="xdouble" value="0.0"/>
<entry key="column_min" type="xdouble" value="0.0"/>
<entry key="column_max" type="xdouble" value="1.0"/>
</config>
<config key="saturday">
<entry key="column_name" type="xstring" value="saturday"/>
<entry key="column_scale" type="xdouble" value="1.0"/>
<entry key="column_translate" type="xdouble" value="0.0"/>
<entry key="column_min" type="xdouble" value="0.0"/>
<entry key="column_max" type="xdouble" value="1.0"/>
</config>
<config key="monday">
<entry key="column_name" type="xstring" value="monday"/>
<entry key="column_scale" type="xdouble" value="1.0"/>
<entry key="column_translate" type="xdouble" value="0.0"/>
<entry key="column_min" type="xdouble" value="0.0"/>
<entry key="column_max" type="xdouble" value="1.0"/>
</config>
<config key="friday">
<entry key="column_name" type="xstring" value="friday"/>
<entry key="column_scale" type="xdouble" value="1.0"/>
<entry key="column_translate" type="xdouble" value="0.0"/>
<entry key="column_min" type="xdouble" value="0.0"/>
<entry key="column_max" type="xdouble" value="1.0"/>
</config>
<config key="sunday">
<entry key="column_name" type="xstring" value="sunday"/>
<entry key="column_scale" type="xdouble" value="1.0"/>
<entry key="column_translate" type="xdouble" value="0.0"/>
<entry key="column_min" type="xdouble" value="0.0"/>
<entry key="column_max" type="xdouble" value="1.0"/>
</config>
<config key="thursday">
<entry key="column_name" type="xstring" value="thursday"/>
<entry key="column_scale" type="xdouble" value="1.0"/>
<entry key="column_translate" type="xdouble" value="0.0"/>
<entry key="column_min" type="xdouble" value="0.0"/>
<entry key="column_max" type="xdouble" value="1.0"/>
</config>
<config key="tuesday">
<entry key="column_name" type="xstring" value="tuesday"/>
<entry key="column_scale" type="xdouble" value="1.0"/>
<entry key="column_translate" type="xdouble" value="0.0"/>
<entry key="column_min" type="xdouble" value="0.0"/>
<entry key="column_max" type="xdouble" value="1.0"/>
</config>
</config>
<entry key="summary" type="xstring" value="Min/Max (0.0, 1) normalization on 57 column(s)"/>
</config>
</config>
